Pete Sanderson,Arctic Fox,Animals,files/Animals/ArcticFox.jpg
Pete Sanderson,Bird Family,Animals,files/Animals/BirdFamily.jpg
Alan Doyle,Flying Away,Animals,files/Animals/FlyingAway.jpg
Pete Sanderson,Reindeer Dog,Animals,files/Animals/ReindeerDog.jpg
Alan Doyle,Swan On River,Animals,files/Animals/SwanOnRiver.jpg
Mary Major,Floral,Flowers,files/Flowers/Floral.jpg
Joe Anderson,Orange Bundle,Flowers,files/Flowers/OrangeBundle.jpg
Joe Anderson,Purple Haze,Flowers,files/Flowers/PurpleHaze.jpg
Jane Lester,Sunflower Painting,Flowers,files/Flowers/SunflowerPainting.jpg
Mary Major,Yellow Flowers,Flowers,files/Flowers/YellowFlowers.jpg
Mary Major,Yellow Flowers 2,Flowers,files/Flowers/YellowFlowers2.jpg
Joe Anderson,Avocado Toast,Food,files/Food/AvocadoToast.jpg
Mary Major,Croissant,Food,files/Food/Croissant.jpg
Mary Major,Spicy Meal,Food,files/Food/SpicyMeal.jpg
Joe Anderson,Sweet Tooth,Food,files/Food/SweetTooth.jpg
Joe Anderson,Truffles,Food,files/Food/Truffles.jpg
Sue Kass,Bowls,Pottery,files/Pottery/Bowls.jpg
Sue Kass,Cups,Pottery,files/Pottery/Cups.jpg
Sue Kass,Miniature Cups,Pottery,files/Pottery/MinatureCups.jpg
Tina Vax,Pots,Pottery,files/Pottery/Pots.jpg
Tina Vax,Vases,Pottery,files/Pottery/Vases.jpg
Carl Palmer,Bracelets,Textiles,files/Textiles/Bracelets.jpg
Carl Palmer,Bracelets2,Textiles,files/Textiles/Bracelets2.jpg
Carl Palmer,Fabric,Textiles,files/Textiles/Fabric.jpg
Carl Palmer,Saree,Textiles,files/Textiles/Saree.jpg
Carl Palmer,Sweater,Textiles,files/Textiles/Sweater.jpg
Alan Doyle,Kayak,Water,files/Water/Kayak.jpg
Jane Lester,On The Shore,Water,files/Water/OnTheShore.jpg
Pete Sanderson,Orca,Water,files/Water/Orca.jpg
Mary Major,Sail Boat,Water,files/Water/SailBoat.jpg
Alan Doyle,Stones By The Shore,Water,files/Water/StonesByTheShore.jpg
Jane Lester,Underwater,Water,files/Water/Underwater.jpg